index,unit2_pos,unit1_beam_32,unit1_beam_64
807,"[0.060179388770398044, 0.061688311707786]",30,59
883,"[0.8198723343136729, 0.765151514980241]",2,4
1485,"[0.39001662526816827, 0.07575757586243743]",15,29
638,"[0.04148108618930109, 0.8950216449642208]",30,59
424,"[0.25407934977276003, 0.08116883110541483]",22,43
728,"[0.6413866710393106, 0.04437229434582928]",2,4
1997,"[0.6350033866208689, 0.7813852813243617]",7,13
377,"[0.1373329775674542, 0.12987012967638545]",27,53
525,"[0.6084029474012007, 0.0703463203118658]",4,7
151,"[0.4898708975601223, 0.08549783563815042]",10,20
1581,"[0.6352907370539006, 0.8116883115155396]",7,14
1950,"[0.18158494283970672, 0.865800865790879]",26,52
1775,"[0.4264075039512108, 0.06926406929402974]",12,23
627,"[0.10621703167842318, 0.11580086582932826]",28,55
2185,"[0.4164118141972788, 0.1266233767766744]",17,32
1846,"[0.5928449744493932, 0.8008658007219905]",10,19
144,"[0.5163071365531778, 0.08441558446651723]",9,17
718,"[0.8272818702432386, 0.7510822511331839]",2,4
567,"[0.42903470782493836, 0.08658008665598646]",14,26
1881,"[0.4688943166196633, 0.11471861465769508]",9,17
1156,"[0.5284784795066092, 0.765151514980241]",12,22
1432,"[0.18679830052321666, 0.020562770723059128]",25,49
2115,"[0.6288869276034863, 0.8885281383958131]",12,22
880,"[0.7827836046018994, 0.7608225107550998]",2,3
1076,"[0.2159848935818351, 0.10606060605361528]",25,48
625,"[0.12003037704381923, 0.11363636363985903]",28,55
2250,"[0.3476529627915511, 0.9188311688945852]",23,46
2285,"[0.7397631411459124, 0.8333333332564348]",9,16
1367,"[0.7477268528949851, 0.743506493393143]",3,5
618,"[0.16785369758761695, 0.1071428573790456]",26,51
1325,"[0.33336754171995425, 0.8019480517398266]",21,42
1983,"[0.479095256664153, 0.8095238093260704]",14,27
691,"[0.5073171732929812, 0.7932900431357468]",12,23
2154,"[0.6483036062452868, 0.10822510839688164]",6,11
1690,"[0.0664805730609496, 0.06060606053615282]",30,60
1351,"[0.585414913487855, 0.7608225107550998]",10,19
2180,"[0.449744463378922, 0.12229437224393883]",15,29
1831,"[0.3843927669743752, 0.816017315894478]",20,38
1687,"[0.09642659222963273, 0.054112554121542256]",30,59
1693,"[0.05266722768096962, 0.8582251082046353]",30,60
466,"[0.29192750559459824, 0.8095238093260704]",23,44
1188,"[0.6499866587357807, 0.07792207789810954]",2,3
1192,"[0.602758564075435, 0.08333333344868118]",4,7
146,"[0.5086923503184706, 0.08441558446651723]",9,17
325,"[0.6327045832441182, 0.041125541138524]",3,4
1763,"[0.594528026925303, 0.06060606053615282]",4,7
707,"[0.6843866094633251, 0.7673160173235074]",6,10
715,"[0.7857802590219649, 0.753246753168856]",3,4
1835,"[0.43763469550682443, 0.8116883115155396]",16,32
1112,"[0.12557213522430605, 0.8549783548435328]",28,55
902,"[0.5515691385652337, 0.07142857132970185]",7,13
688,"[0.48533486587337077, 0.7954545454790132]",13,26
1631,"[0.43082038546071094, 0.03787878777742159]",13,26
1940,"[0.1008599987711054, 0.8863636363601409]",28,55
1825,"[0.30364729788838524, 0.8225108224628858]",22,43
101,"[0.8137969253456516, 0.8181818179301501]",2,3
291,"[0.5623037293972579, 0.7943722941535829]",11,21
879,"[0.7704891114712167, 0.7597402597372637]",3,6
1456,"[0.6301389544517244, 0.05952380951831677]",3,4
392,"[0.6365222388701661, 0.050865800914236974]",2,4
87,"[0.6657704070101182, 0.8246753246523549]",7,13
1276,"[0.2174832207845759, 0.10281385284631]",24,46
1524,"[0.0009852014471788536, 0.9253246751553986]",30,60
476,"[0.42027051990185577, 0.7911255409462776]",17,34
1695,"[0.07458796001924627, 0.8538961039794939]",29,57
1296,"[0.04761807023865615, 0.09848484846737154]",31,60
2093,"[0.3191642207616637, 0.9155844153796856]",25,48
1138,"[0.36608443997158885, 0.7922077922717079]",20,39
2073,"[0.16266086492149565, 0.08441558446651723]",27,53
1236,"[0.37995936044748646, 0.10281385284631]",16,32
833,"[0.2485786416562183, 0.7943722941535829]",24,48
592,"[0.33529689456495076, 0.08982683970949462]",19,37
2287,"[0.7671435315367856, 0.8344155842742709]",7,13
1621,"[0.49182077543709135, 0.03787878777742159]",9,17
1636,"[0.40446624659554553, 0.04004329012068795]",15,29
110,"[0.6829909074058631, 0.08008658008757877]",2,2
1161,"[0.5758297243442061, 0.7597402597372637]",10,19
223,"[0.08109439461493939, 0.13095238100181575]",30,59
1053,"[0.4289526077116321, 0.07792207789810954]",12,23
1312,"[0.19110855688743797, 0.8290043287236992]",27,52
2104,"[0.4718704460077563, 0.9004329002071981]",18,34
2288,"[0.781080027094017, 0.8333333332564348]",6,14
254,"[0.2443915354838323, 0.8246753246523549]",24,48
1073,"[0.24272900802531108, 0.10281385284631]",23,44
1620,"[0.5055314956572086, 0.03787878777742159]",9,17
1493,"[0.3243160033638399, 0.07792207789810954]",19,37
546,"[0.506578272200305, 0.08116883110541483]",9,17
950,"[0.1150838447467846, 0.11363636363985903]",28,55
1572,"[0.5376531680399749, 0.8246753246523549]",12,22
844,"[0.3528047453937273, 0.764069263962405]",20,39
64,"[0.4616489809312941, 0.8560606058613689]",15,28
414,"[0.36922476960087836, 0.0703463203118658]",15,29
885,"[0.8445023706389834, 0.7662337659980771]",2,2
452,"[0.12992344163788852, 0.8495670994467583]",28,55
1259,"[0.30362677285641265, 0.10389610386414605]",20,39
657,"[0.2311323659233594, 0.8344155842742709]",24,47
1880,"[0.47763797951077336, 0.11471861465769508]",9,16
1582,"[0.6462100531590939, 0.8106060606515006]",7,14
1487,"[0.3737197512382686, 0.07575757586243743]",15,29
1486,"[0.381888713292483, 0.07575757586243743]",15,29
1328,"[0.36284148519702053, 0.7965367964968493]",20,39
78,"[0.580858356769131, 0.8333333332564348]",10,20
2070,"[0.18922025410638654, 0.08333333344868118]",26,51
870,"[0.64871410685557, 0.7489177489437147]",7,14
451,"[0.11842942468121566, 0.8528138526540636]",28,55
1020,"[0.8176556310356446, 0.7911255409462776]",2,2
1561,"[0.42119414626770085, 0.8398268395172482]",17,33
1980,"[0.44705568440927684, 0.816017315894478]",15,29
697,"[0.5627758050888748, 0.7846320346854642]",11,21
1742,"[0.6510129102469046, 0.7359307358068993]",7,14
812,"[0.026374663911721864, 0.877705627602264]",30,60
911,"[0.47184992097578377, 0.08116883110541483]",11,20
1522,"[0.046961269259286335, 0.10173160182847395]",31,60
1050,"[0.4549783460944045, 0.07467532484460139]",11,22
506,"[0.8149258020166382, 0.7662337659980771]",2,3
406,"[0.46080745469333917, 0.06277056272562205]",11,21
184,"[0.3414544036462784, 0.09848484846737154]",19,37
1877,"[0.5056341208170713, 0.11363636363985903]",8,14
1718,"[0.34475893351676434, 0.7997835497041546]",20,39
610,"[0.22665790931794164, 0.10064935050304365]",24,46
2034,"[0.5008312637292606, 0.07683982688027349]",9,17
1969,"[0.33944295067339164, 0.835497835445904]",20,39
21,"[0.18556679870695114, 0.9069264067756059]",26,51
1426,"[0.24196958190066245, 0.006493506260813435]",23,45
1591,"[0.7675950822110139, 0.7987012985325214]",3,6
328,"[0.6046468668564865, 0.041125541138524]",4,6
1875,"[0.5263849264204162, 0.11363636363985903]",7,13
2284,"[0.7261960961350191, 0.8344155842742709]",9,17
267,"[0.3574639272577302, 0.8116883115155396]",20,39
1891,"[0.3808419367493865, 0.1168831168471643]",14,27
1757,"[0.6778391248182708, 0.05844155850048072]",2,2
2179,"[0.4564766732971453, 0.12229437224393883]",15,29
866,"[0.5874674165101029, 0.7467532466004483]",10,19
2260,"[0.4388867223550625, 0.8863636363601409]",20,39
2209,"[0.2384187516756737, 0.12987012967638545]",26,51
490,"[0.5881036924575002, 0.773809523738118]",16,20
607,"[0.24987171856840146, 0.09740259744953549]",23,45
1739,"[0.6128979290240071, 0.743506493393143]",9,17
153,"[0.4823792615026664, 0.08658008665598646]",11,21
890,"[0.6521007368539461, 0.06060606053615282]",2,3
2254,"[0.38279181461177164, 0.9058441557577698]",22,42
270,"[0.38236078898409986, 0.8095238093260704]",19,37
97,"[0.7724389893481858, 0.8181818179301501]",3,4
965,"[0.08792922969302545, 0.8885281383958131]",29,57
1800,"[0.08144332012930489, 0.0930735929167999]",30,58
872,"[0.6732825680849628, 0.7499999998077536]",6,11
1573,"[0.5483877588719991, 0.8225108224628858]",11,21
533,"[0.5687075388476722, 0.07467532484460139]",6,11
1068,"[0.2875761991810158, 0.09632034643169944]",20,39
1100,"[0.02181810717841391, 0.8939393936387905]",30,60
2126,"[0.8124833234160798, 0.8841991341706718]",6,11
716,"[0.7994088791287759, 0.7521645021510199]",2,3
2198,"[0.3217914246499751, 0.1266233767766744]",22,43
2263,"[0.4683196157681837, 0.876623376584428]",18,34
1539,"[0.16099833747755835, 0.8809523808095693]",28,54
2267,"[0.5091644260246714, 0.865800865790879]",16,30
470,"[0.3499107161189406, 0.8008658007219905]",20,39
565,"[0.4371010447192899, 0.08658008665598646]",12,26
1799,"[0.09437408920738483, 0.09199134189896385]",28,55
462,"[0.2457461874773492, 0.8203463201196194]",24,47
1278,"[0.20336199995417553, 0.10281385284631]",25,49
1796,"[0.13404897272894079, 0.08658008665598646]",26,51
1870,"[0.5794626547116689, 0.11255411262202297]",4,7
1394,"[0.5221978202480302, 0.015151515172487487]",7,14
1346,"[0.5393156954839122, 0.7683982683413435]",12,22
696,"[0.5528416904454443, 0.7878787877389724]",11,21
1176,"[0.7369101619350708, 0.743506493393143]",4,7
1753,"[0.8147000266795241, 0.7164502164092704]",2,4
929,"[0.31871267010201937, 0.09956709948520759]",19,37
1215,"[0.4533568686998284, 0.09848484846737154]",12,22
1373,"[0.8075162660870726, 0.742424242375307]",2,3
244,"[0.1581043082027716, 0.835497835445904]",26,51
1680,"[0.1484164939138439, 0.04545454567125959]",28,55
1313,"[0.20317727469559044, 0.826839826688027]",26,52
649,"[0.15174154881630242, 0.8538961039794939]",28,54
314,"[0.789310564229565, 0.7976190475146853]",3,6
156,"[0.4709262946099387, 0.08766233767382252]",11,22
1304,"[0.10492395476624002, 0.8495670994467583]",29,56
1151,"[0.4824613616305566, 0.772727272874079]",14,27
1802,"[0.055130231313500665, 0.09740259744953549]",30,59
1047,"[0.4806346339308389, 0.07142857132970185]",10,19
1641,"[0.3794872847412857, 0.03896103879525764]",16,32
1307,"[0.13677880174794713, 0.8409090908426785]",28,55
1928,"[0.007327435816259402, 0.9188311688945852]",30,60
1496,"[0.2986597155274055, 0.0790043289159456]",20,39
26,"[0.21596436854986253, 0.9036796535683006]",25,49
2245,"[0.29890601588190824, 0.938311688292214]",25,49
16,"[0.15336302621087855, 0.9134199133440135]",26,51
1322,"[0.3033188973914084, 0.8084415583082343]",22,43
884,"[0.8321668274443556, 0.765151514980241]",2,4
1361,"[0.6852897108117816, 0.7489177489437147]",6,11
1845,"[0.5781285277355407, 0.8008658007219905]",11,20
1613,"[0.5647462079978164, 0.03679653675958554]",6,11
498,"[0.7112949241625814, 0.7662337659980771]",6,11
516,"[0.6644773300979351, 0.06709956695076338]",2,4
2278,"[0.6477699554577523, 0.8398268395172482]",11,20
1479,"[0.4377783707306323, 0.07359307351917108]",12,22
1412,"[0.3661460150675065, 0.003246753361102411]",17,32
1096,"[0.04228156236331092, 0.123376623415572]",30,60
543,"[0.519180640795992, 0.0790043289159456]",9,17
634,"[0.05281090290477746, 0.12229437224393883]",31,62
432,"[0.1539993021582758, 0.09199134189896385]",26,51
729,"[0.6327866833574245, 0.04545454567125959]",2,4
1289,"[0.10553970566708082, 0.09848484846737154]",28,55
2258,"[0.41977791917826635, 0.8928571426209544]",20,39
317,"[0.8196876090405039, 0.7987012985325214]",2,2
1921,"[0.0783029905000154, 0.13744588757022344]",29,57
1338,"[0.4575644999041869, 0.7803030301527286]",15,29
320,"[0.6802200283229116, 0.04004329012068795]",2,2
1032,"[0.6230372939725791, 0.05952380951831677]",3,4
2026,"[0.5795037047610301, 0.0790043289159456]",6,10
2190,"[0.3824839391613512, 0.1255411254512441]",19,37
1111,"[0.11707477268769877, 0.8582251082046353]",28,55
1889,"[0.39931446399336934, 0.1168831168471643]",13,26
1528,"[0.044149340126973705, 0.9112554111545443]",30,59
754,"[0.42868578231057286, 0.05952380951831677]",12,23
563,"[0.44518790664561403, 0.08549783563815042]",12,23
669,"[0.36329303585666484, 0.8127705625333757]",20,38
253,"[0.23650992384806582, 0.825757575670191]",25,48
358,"[0.34379425710155803, 0.07792207789810954]",17,34
1279,"[0.19595246402460986, 0.10281385284631]",25,49
1301,"[0.07284333244741878, 0.8593073592224713]",30,59
1203,"[0.5119763551715679, 0.09199134189896385]",9,16
130,"[0.5736540711447068, 0.08008658008757877]",6,11
145,"[0.5125100059591025, 0.08441558446651723]",9,17
961,"[0.04809014593027303, 0.9036796535683006]",30,58
906,"[0.5181133392209231, 0.07467532484460139]",8,14
1097,"[0.03378419984128755, 0.12445887443340806]",31,61
236,"[0.08563042630169088, 0.8474025974110863]",30,59
1062,"[0.3412081032771917, 0.08874458869165856]",17,34
